location,machine,configuration,initial_operation,purchase_cost
1,M2,mc22,2,910
3,M4,mc42,12,1500
4,M3,mc31,12,780
6,M2,mc22,2,910
7,M2,mc22,2,910
8,M4,mc42,12,1500
9,M2,mc23,11,1140
10,M3,mc31,17,780
11,M2,mc22,2,910
12,M4,mc42,12,1500
13,M2,mc22,2,910
14,M4,mc42,12,1500
15,M2,mc23,11,1140
16,M2,mc22,2,910
17,M2,mc22,2,910
18,M4,mc42,12,1500
19,M3,mc31,17,780
20,M3,mc31,17,780
